-- MariaDB dump 10.17  Distrib 10.5.5-MariaDB, for Linux (x86_64)
--
-- Host: localhost    Database: Biblioteca
-- ------------------------------------------------------
-- Server version	10.5.5-MariaDB

/*!40101 SET @OLD_CHARACTER_SET_CLIENT=@@CHARACTER_SET_CLIENT */;
/*!40101 SET @OLD_CHARACTER_SET_RESULTS=@@CHARACTER_SET_RESULTS */;
/*!40101 SET @OLD_COLLATION_CONNECTION=@@COLLATION_CONNECTION */;
/*!40101 SET NAMES utf8mb4 */;
/*!40103 SET @OLD_TIME_ZONE=@@TIME_ZONE */;
/*!40103 SET TIME_ZONE='+00:00' */;
/*!40014 SET @OLD_UNIQUE_CHECKS=@@UNIQUE_CHECKS, UNIQUE_CHECKS=0 */;
/*!40014 SET @OLD_FOREIGN_KEY_CHECKS=@@FOREIGN_KEY_CHECKS, FOREIGN_KEY_CHECKS=0 */;
/*!40101 SET @OLD_SQL_MODE=@@SQL_MODE, SQL_MODE='NO_AUTO_VALUE_ON_ZERO' */;
/*!40111 SET @OLD_SQL_NOTES=@@SQL_NOTES, SQL_NOTES=0 */;

--
-- Table structure for table `AUTHOR`
--

DROP TABLE IF EXISTS `AUTHOR`;
/*!40101 SET @saved_cs_client     = @@character_set_client */;
/*!40101 SET character_set_client = utf8 */;
CREATE TABLE `AUTHOR` (
  `SSN` int(11) NOT NULL AUTO_INCREMENT,
  `FIRST_NAME` varchar(50) COLLATE utf8mb4_unicode_ci NOT NULL,
  `LAST_NAME` varchar(50) COLLATE utf8mb4_unicode_ci NOT NULL,
  `PLACE_BIRTH` varchar(50) COLLATE utf8mb4_unicode_ci DEFAULT NULL,
  `DATE_BIRTH` date DEFAULT NULL,
  PRIMARY KEY (`SSN`)
) ENGINE=InnoDB AUTO_INCREMENT=101 DEFAULT CHARSET=utf8mb4 COLLATE=utf8mb4_unicode_ci;
/*!40101 SET character_set_client = @saved_cs_client */;

--
-- Dumping data for table `AUTHOR`
--

LOCK TABLES `AUTHOR` WRITE;
/*!40000 ALTER TABLE `AUTHOR` DISABLE KEYS */;
INSERT INTO `AUTHOR` VALUES (1,'Ami','Adamo','Lawrence','1978-08-10'),(2,'Kerri','Adiscot','Cumberland','1980-06-28'),(3,'Briant','Anespie','Los Angeles','1989-01-01'),(4,'Margaretha','Aysik','Washington','1973-03-18'),(5,'Hannah','Bachnic','Madison','1956-06-22'),(6,'Alejandrina','Bardell','Wilpen','1962-10-25'),(7,'Angil','Beckson','Oxford','1956-05-01'),(8,'Booth','Belvard','London','1959-10-11'),(9,'Karie','Bendixen','Amsterdam','1969-12-29'),(10,'Xylia','Bendle','Cumberland','1975-01-01'),(11,'Betti','Benz','Berlino','1977-08-05'),(12,'Fanchon','Bish','New York','1987-08-27'),(13,'Perrine','Blagden','Washington','1984-01-04'),(14,'Petunia','Breznovic','Prague','1981-02-19'),(15,'Roxy','Burnage','Oxford','1955-04-13'),(16,'Ludvig','Callf','London','1971-06-05'),(17,'Lavena','Capey','Cumberland','1972-02-17'),(18,'Bartolemo','Chadwin','Pleasantville','1969-07-22'),(19,'Gertrudis','Corzon','Oxford','1983-06-21'),(20,'Abey','Crowest','New York','1965-07-20'),(21,'Inesita','Dallender','New York','1982-04-05'),(22,'Rubie','Delgua','Los Angeles','1970-06-03'),(23,'Fiorenze','Deluca','Lawrence','1984-07-22'),(24,'Jefferson','Dewire','Cardiff','1971-02-16'),(25,'Vitia','Douch','London','1977-08-20'),(26,'Jon','Duckett','Los Angeles','1978-08-16'),(27,'Walker','Dumberell','London','1965-12-30'),(28,'Eva','Elcum','Pleasantville','1956-02-20'),(29,'Ramez','Elmasri','Oxford','1970-02-16'),(30,'Junia','Everal','Los Angeles','1973-11-09'),(31,'Cecile','Follacaro','New York','1986-01-08'),(32,'Quincey','Franke','Bloomington','1964-10-12'),(33,'Sim','Frondt','Bloomington','1967-05-20'),(34,'Bryanty','Froud','London','1970-10-30'),(35,'Luciano','Gamberini','Rome','1979-11-08'),(36,'Corri','Gavrieli','London','1974-06-30'),(37,'Bruno','Goodsall','London','1963-04-27'),(38,'Emiline','Greenhough','Madison','1982-04-11'),(39,'Merrick','Harbron','Pleasantville','1959-11-09'),(40,'Mirelle','Hehnke','Los Angeles','1968-06-25'),(41,'Branden','Huffer','Bloomington','1955-01-03'),(42,'Cal','Inkin','Oxford','1969-11-22'),(43,'Jasen','Itter','Madison','1967-12-24'),(44,'Sansone','Jansen','Lawrence','1968-05-12'),(45,'Lu','Jenne','Seul','1977-01-11'),(46,'Beverlee','Jepensen','Cumberland','1976-12-17'),(47,'Giustina','Jezzard','Pleasantville','1969-02-04'),(48,'Barr','Labbet','Lawrence','1967-07-06'),(49,'Merna','Lambal','London','1969-09-30'),(50,'Russ','Leander','Oxford','1959-11-16'),(51,'Godwin','Lebbern','San Diego','1983-11-16'),(52,'Hirsch','Legging','Oxford','1961-12-19'),(53,'Giffer','Leisman','Los Angeles','1959-05-25'),(54,'Farrah','Letham','Oxford','1962-07-15'),(55,'Gil','Lettington','Los Angeles','1974-08-11'),(56,'Adamo','Ligoe','New York','1971-03-26'),(57,'Ursula','Lockitt','Liverpool','1967-12-14'),(58,'Peri','Maher','Wilpen','1967-04-08'),(59,'Sella','Marriage','Madison','1988-12-01'),(60,'Theo','McLauchlin','Cardiff','1961-03-01'),(61,'Gregorius','McPhater','Pleasantville','1976-12-04'),(62,'Isacco','McSherry','Edimburg','1976-04-17'),(63,'Chelsea','Nannetti','San Diego','1973-04-14'),(64,'Shamkant','Navathe','London','1962-11-24'),(65,'Alessandro','Oldam','New York','1972-07-09'),(66,'Gabriella','Orum','Madison','1958-11-21'),(67,'Margaretta','Pardal','New York','1970-03-08'),(68,'Pincas','Paulisch','Berlino','1973-12-24'),(69,'Cristian','Pes','New York','1981-09-10'),(70,'Nicki','Pharrow','Los Angeles','1984-09-16'),(71,'Reta','Philippsohn','Washington','1966-10-08'),(72,'Marja','Rosedale','New York','1989-03-25'),(73,'Yancey','Sacher','Lawrence','1961-04-17'),(74,'Lewes','Salsberg','Cumberland','1988-05-18'),(75,'Raquel','Semered','Bloomington','1972-03-21'),(76,'Brynn','Semor','Oslo','1986-05-09'),(77,'Merissa','Senechault','New York','1956-02-02'),(78,'Boycie','Shorey','Amsterdam','1989-11-20'),(79,'Zilvia','Silver','Nashville','1958-04-25'),(80,'Jacquenette','Snookes','Lawrence','1973-08-07'),(81,'Marnie','Spinke','Los Angeles','1987-09-07'),(82,'Ileane','Spurriar','Los Angeles','1969-09-03'),(83,'Cointon','Stranaghan','New York','1963-12-30'),(84,'Hastings','Sweetman','Los Angeles','1978-08-13'),(85,'Ange','Symcox','Paris','1977-07-01'),(86,'Harlene','Tartt','New York','1984-09-20'),(87,'Gwyneth','Tinsley','Los Angeles','1986-05-12'),(88,'Burk','Torr','Bloomington','1984-08-01'),(89,'Maible','Twidale','Bloomington','1963-01-29'),(90,'Jermaine','Van Velde','Los Angeles','1979-04-23'),(91,'Leroy','Vasiltsov','San Diego','1976-10-13'),(92,'Andrej','Von Der Empten','Amsterdam','1989-12-17'),(93,'De','Wackly','Bloomington','1989-09-17'),(94,'Breanne','Weben','London','1989-11-13'),(95,'Jodee','Westwick','Liverpool','1968-01-23'),(96,'Hortense','Whatson','Washington','1978-08-25'),(97,'Shelbi','Wheelton','Los Angeles','1987-09-12'),(98,'Sandro','Wilcher','Nashville','1990-09-25'),(99,'Erny','Wrixon','Nashville','1967-02-25'),(100,'Enrico','Zimuel','Milan','1972-04-11');
/*!40000 ALTER TABLE `AUTHOR` ENABLE KEYS */;
UNLOCK TABLES;

--
-- Table structure for table `BOOK`
--

DROP TABLE IF EXISTS `BOOK`;
/*!40101 SET @saved_cs_client     = @@character_set_client */;
/*!40101 SET character_set_client = utf8 */;
CREATE TABLE `BOOK` (
  `ISBN` char(12) COLLATE utf8mb4_unicode_ci NOT NULL,
  `PUB_YEAR` int(10) unsigned DEFAULT NULL,
  `LANGUAGE` varchar(20) COLLATE utf8mb4_unicode_ci DEFAULT NULL,
  `TITLE` varchar(100) COLLATE utf8mb4_unicode_ci NOT NULL,
  `ID_EDITOR` int(11) NOT NULL,
  PRIMARY KEY (`ISBN`),
  KEY `ID_EDITOR` (`ID_EDITOR`),
  CONSTRAINT `BOOK_ibfk_1` FOREIGN KEY (`ID_EDITOR`) REFERENCES `EDITOR` (`EDITOR_ID`)
) ENGINE=InnoDB DEFAULT CHARSET=utf8mb4 COLLATE=utf8mb4_unicode_ci;
/*!40101 SET character_set_client = @saved_cs_client */;

--
-- Dumping data for table `BOOK`
--

LOCK TABLES `BOOK` WRITE;
/*!40000 ALTER TABLE `BOOK` DISABLE KEYS */;
INSERT INTO `BOOK` VALUES ('000369692-8',2016,'English','Thief of Hearts',10),('004023598-X',2012,'Dari','Gingerbread Man The',4),('006821799-4',2018,'Estonian','Counterfeiters The (Die Fälscher)',9),('009047587-9',2015,'English','Life of Another The (La vie d une autre)',5),('009140312-X',2017,'Dhivehi','Death Defying Acts',3),('014330257-4',2010,'Georgian','Longest Yard The',6),('015674765-0',2018,'English','Children Are Watching Us The (Bambini ci guardano I)',4),('022938411-0',2014,'Guaraní','Almanya - Welcome to Germany (Almanya - Willkommen in Deutschland)',7),('023019395-1',2013,'Dzongkha','Heroine',7),('050916783-7',2017,'Catalan','Inspectors The',3),('052706515-3',2011,'English','Dead Man Walking',8),('055417113-9',2017,'English','Private Detective 62',9),('060088686-7',2019,'English','Mondays in the Sun (Lunes al sol Los)',9),('065646345-7',2020,'Irish Gaelic','Phil Spector',3),('068254989-4',2014,'English','Human Failure (Menschliches Versagen)',8),('075305079-X',2010,'Danish','Attack of the 50 Foot Woman',2),('076691563-8',2018,'Dari','Bed & Breakfast Love is a Happy Accident (Bed & Breakfast)',3),('083845517-4',2014,'Punjabi','Memory',5),('085745713-6',2020,'English','Suit for Wedding A (aka The Wedding Suit) (Lebassi Baraye Arossi)',7),('086031288-7',2019,'Danish','Stingray Sam',9),('087133062-8',2013,'English','Come Blow Your Horn',6),('093035174-6',2015,'English','Doc Savage The Man of Bronze',3),('101215590-0',2012,'English','Cars',8),('103300276-3',2019,'Khmer','Sound of Music The',4),('129488690-8',2017,'English','Family Tree',3),('131544489-5',2019,'English','Addams Family The',4),('132261731-7',2018,'Guaraní','The Dark Horse',3),('136320382-7',2017,'English','Mon oncle d Amérique',6),('136964378-0',2013,'English','Maniac',5),('137066182-7',2012,'Georgian','Gone Fishin ',1),('147191251-5',2018,'Dari','You Only Live Once',4),('158999545-7',2012,'English','Rains of Ranchipur The',6),('165632171-8',2010,'Italian','Paradise Lost 2 Revelations',2),('167947701-3',2014,'English','Saboteur',1),('168316748-1',2012,'Portuguese','Carbon Nation',7),('170243376-5',2015,'English','Buddy',10),('171208472-0',2020,'English','The Fourth War',4),('175205668-X',2019,'English','Gasoline (Benzina)',1),('179592990-1',2011,'English','Day of the Triffids The',8),('182342356-6',2011,'Japanese','Meet Joe Black',4),('184722570-5',2011,'Kashmiri','Ironclad',9),('190222315-2',2014,'Belarusian','Salvage',9),('192373118-1',2019,'English','No Distance Left to Run',6),('194862546-6',2011,'English','Dakota Skye',4),('214940353-6',2018,'English','Tenchi The Samurai Astronomer',3),('216013488-0',2012,'Arabic','Enemy',2),('222223087-X',2010,'Irish Gaelic','Concrete Night (Betoniyö)',5),('226372696-9',2013,'Hindi','State of Siege (État de siège)',1),('253760945-X',2016,'English','Red White & Blue',4),('255439894-1',2015,'English','Pitch Black',6),('256739345-5',2016,'Swedish','High Spirits',8),('259418123-4',2011,'English','Inhale',9),('259579784-0',2018,'English','Waydowntown',7),('264788349-1',2018,'Haitian Creole','In the Park',9),('265972215-3',2017,'English','Animal House',8),('271280652-2',2017,'English','Shuttle',4),('280992700-6',2018,'German','Young Cassidy',4),('284203566-6',2013,'Korean','Trial',5),('290005808-2',2020,'Lao','World of Kanako The (Kawaki)',4),('292051296-X',2013,'Guaraní','Purple Rose of Cairo The',3),('296111646-5',2019,'Japanese','Golem',3),('299282269-8',2015,'English','Scenic Route',5),('300485539-9',2012,'Dzongkha','Wild River',10),('301170811-8',2019,'English','Such Is Life (Así es la vida)',3),('331424241-7',2015,'Italian','PHP 7 development',3),('333748888-9',2017,'Catalan','History Boys The',2),('343838580-5',2015,'English','Jubilee',5),('346481000-3',2015,'English','South of Heaven West of Hell',9),('347737564-5',2019,'Haitian Creole','Last Ride',6),('351898785-2',2016,'Portuguese','Boys from Fengkuei The (Feng gui lai de ren)',10),('356414253-3',2012,'English','Elizabeth',10),('362309208-8',2018,'English','Nicholas on Holiday',4),('364615054-8',2017,'English','Human-computer interaction',2),('366292343-2',2013,'English','Boys of St Vincent The',1),('368515943-7',2011,'Czech','Love s Labour s Lost',9),('368968937-6',2014,'English','Secret Garden The',4),('368990830-2',2017,'English','Andrei Rublev (Andrey Rublyov)',1),('369048652-1',2020,'Guaraní','Oliver Twist',1),('371268896-2',2016,'Belarusian','19th Wife The',5),('372098427-3',2011,'Arabic','Sergeant Rutledge',9),('376459959-6',2018,'English','Svidd Neger',2),('384050463-5',2017,'Quechua','Ninotchka',8),('385828979-5',2019,'Bengali','Deep Impact',8),('386397507-3',2013,'Albanian','Gunfighter The',1),('387623794-7',2010,'English','Get Smart',2),('389625239-9',2020,'Hebrew','Get Bruce',7),('391578830-9',2014,'Kazakh','Flight of the Living Dead',8),('394873350-3',2014,'English','Family Life',3),('404884623-X',2010,'Czech','Altman',4),('405663612-5',2015,'English','Open Windows',2),('421128511-4',2012,'English','Life is to Whistle (Vida es silbar La)',7),('421308038-2',2014,'English','LA Without a Map',1),('425111017-X',2019,'Estonian','Key Largo',8),('432587582-4',2015,'Swedish','Rebecca',5),('435456826-8',2016,'English','Lavender Hill Mob The',9),('436501926-0',2013,'Catalan','Great Expectations',1),('441842932-8',2018,'Guaraní','Luna de Avellaneda',5),('449571196-2',2013,'English','Black Windmill The',6),('457456450-4',2016,'Aymara','Beefcake',1),('469785019-X',2014,'English','Wave The (Welle Die)',6),('469863297-8',2015,'Punjabi','Raisin in the Sun A',5),('492112694-1',2018,'English','Closure',6),('501862280-6',2011,'Finnish','Redemption The Stan Tookie Williams Story',9),('502714957-3',2019,'Japanese','Revenge of the Nerds',5),('507124152-8',2019,'French','Diplomacy (Diplomatie)',2),('509808775-9',2013,'English','Vehicle 19',2),('510453377-8',2013,'English','Streetcar Named Desire A',5),('515279116-1',2010,'English','The Frame',9),('516983356-3',2014,'English','Big Squeeze The',10),('517581126-6',2020,'Hindi','Carmen Comes Home (Karumen kokyo ni kaeru)',2),('521329516-9',2015,'English','Général Idi Amin Dada A Self Portrait (Général Idi Amin Dada Autoportrait)',9),('521847642-0',2016,'English','Holy Flying Circus',9),('526942871-7',2017,'Catalan','Agent Vinod',4),('536751983-0',2014,'French','Slaves to the Underground',1),('542931356-4',2015,'Italian','From the Life of the Marionettes (Aus dem Leben der Marionetten) ',5),('554021569-9',2018,'English','Renaissance',7),('560211284-7',2018,'Italian','Tyler Perry s I Can Do Bad All by Myself',7),('560797299-2',2017,'English','Arthur and the Revenge of Maltazard (Arthur et la vengeance de Maltazard)',1),('565659819-5',2014,'Dutch','Strangers on a Train',1),('584224789-5',2020,'English','Teaching Mrs Tingle',10),('585173205-9',2018,'English','Battle Royale 2 Requiem (Batoru rowaiaru II Chinkonka)',2),('594275024-6',2012,'English','Memory Keeper s Daughter The',5),('595626866-2',2014,'Hungarian','Rollerball',7),('600597433-5',2020,'English','Wall Street',7),('601546113-6',2011,'Gujarati','1208 East of Bucharest (A fost sau n-a fost?)',9),('607745120-7',2018,'Italian','HTM & CSS',1),('611928800-7',2017,'Korean','Cyrano de Bergerac',7),('653073623-9',2020,'English','Act Da Fool',9),('653175736-1',2012,'Swedish','Happy People A Year in the Taiga',8),('657583349-7',2015,'English','Knack and How to Get It The',1),('660038142-6',2016,'Icelandic','Stonewall',2),('661872594-1',2020,'English','Woman on the Beach (Haebyeonui yeoin)',3),('663119553-5',2015,'Spanish','Deadline',7),('666013383-6',2014,'English','Lost City The',10),('671158165-2',2019,'Czech','Nick and Norah s Infinite Playlist',6),('672217513-8',2014,'Bengali','Heaven s Prisoners',10),('672560381-5',2018,'Northern Sotho','Day the Universe Changed The',4),('698429931-4',2011,'Icelandic','Lone Ranger The',3),('711604128-1',2014,'English','Crocodile Hunter Collision Course The',10),('712463375-3',2012,'English','Fear',1),('733508116-5',2017,'English','Angels  Share The',9),('740153355-3',2019,'Italian','Fundamentals of Database Systems',2),('742437654-3',2016,'Swedish','Under the Bridges (Unter den Brücken)',9),('744780754-0',2020,'English','Times Square',7),('752213396-3',2012,'Georgian','Brides (Nyfes)',6),('756564271-1',2014,'English','Little Children',10),('760264513-8',2012,'English','Story of My Life The (Mensonges et trahisons et plus si affinités)',8),('768148078-1',2017,'Korean','Kleines Arschloch - Der Film',7),('769740772-8',2018,'English','Hollywood Party',7),('775940054-3',2017,'Kashmiri','I m Reed Fish',10),('786395256-5',2019,'English','Dragon Ball Z Bio-Broly (Doragon bôru Z 11 Sûpâ senshi gekiha! Katsu no wa ore da)',7),('801081738-4',2019,'English','Murder by Proxy How America Went Postal',7),('814543114-X',2013,'English','Ingeborg Holm',3),('816886703-3',2012,'Italian','Split Second',4),('825867311-4',2013,'Hiri Motu','Kairat',2),('829509196-4',2014,'Swedish','Shaka Zulu The Citadel',10),('829914597-X',2019,'English','Project X',9),('836374770-X',2013,'Indonesian','Wolf Man The',8),('843331705-9',2012,'Bengali','Avengers The',1),('851106761-2',2019,'Italian','Chronicle of a Summer (Chronique d un été)',3),('857627191-5',2012,'English','Larceny Inc',9),('860964250-X',2013,'Japanese','Iron Horse The',10),('863050834-5',2019,'Chinese','Richard III',8),('867778553-1',2012,'Polish','Hot Fuzz',2),('870560200-9',2018,'English','Eight Crazy Nights (Adam Sandler s Eight Crazy Nights)',1),('872379238-8',2018,'English','From Above',1),('875127371-3',2014,'Norwegian','Million Ways to Die in the West A',10),('887526619-0',2011,'Romanian','Thieves The (Dodookdeul)',6),('925812482-0',2010,'German','Kumail Nanjiani Beta Male ',2),('927994979-9',2017,'Dhivehi','Missionary Man',8),('945660604-X',2016,'Arabic','Cassandra Crossing The',10),('946684198-X',2016,'Czech','Absolute Power',1),('947990234-6',2019,'English','Peculiarities of the National Hunt (Osobennosti natsionalnoy okhoty) ',2),('951964371-0',2014,'Bengali','Iron Mask The',2),('966859767-2',2020,'English','Sting II The',9),('970334328-7',2019,'Danish','Forbidden Christ The (Cristo proibito Il)',9),('976860084-5',2016,'English','Krrish',8),('978061177-0',2010,'Khmer','Kirikou and the Wild Beast (Kirikou et les bêtes sauvages)',7),('989371762-0',2015,'German','Convoy',6),('992229254-8',2017,'Italian','And Nobody Weeps for Me (Und keiner weint mir nach)',4),('998941371-1',2013,'Italian','Stupid Boy (Garçon stupide)',5);
/*!40000 ALTER TABLE `BOOK` ENABLE KEYS */;
UNLOCK TABLES;

--
-- Table structure for table `COPY`
--

DROP TABLE IF EXISTS `COPY`;
/*!40101 SET @saved_cs_client     = @@character_set_client */;
/*!40101 SET character_set_client = utf8 */;
CREATE TABLE `COPY` (
  `COPY_N` int(10) unsigned NOT NULL,
  `ISBN` char(12) COLLATE utf8mb4_unicode_ci NOT NULL,
  PRIMARY KEY (`COPY_N`,`ISBN`),
  KEY `ISBN` (`ISBN`),
  CONSTRAINT `COPY_ibfk_1` FOREIGN KEY (`ISBN`) REFERENCES `BOOK` (`ISBN`) ON DELETE CASCADE
) ENGINE=InnoDB DEFAULT CHARSET=utf8mb4 COLLATE=utf8mb4_unicode_ci;
/*!40101 SET character_set_client = @saved_cs_client */;

--
-- Dumping data for table `COPY`
--

LOCK TABLES `COPY` WRITE;
/*!40000 ALTER TABLE `COPY` DISABLE KEYS */;
INSERT INTO `COPY` VALUES (1,'000369692-8'),(1,'004023598-X'),(1,'006821799-4'),(1,'009047587-9'),(1,'009140312-X'),(1,'014330257-4'),(1,'015674765-0'),(1,'022938411-0'),(1,'023019395-1'),(1,'050916783-7'),(1,'052706515-3'),(1,'055417113-9'),(1,'060088686-7'),(1,'065646345-7'),(1,'068254989-4'),(1,'075305079-X'),(1,'076691563-8'),(1,'083845517-4'),(1,'085745713-6'),(1,'086031288-7'),(1,'087133062-8'),(1,'093035174-6'),(1,'101215590-0'),(1,'103300276-3'),(1,'129488690-8'),(1,'131544489-5'),(1,'132261731-7'),(1,'136320382-7'),(1,'136964378-0'),(1,'137066182-7'),(1,'147191251-5'),(1,'158999545-7'),(1,'165632171-8'),(1,'167947701-3'),(1,'168316748-1'),(1,'170243376-5'),(1,'171208472-0'),(1,'175205668-X'),(1,'179592990-1'),(1,'182342356-6'),(1,'184722570-5'),(1,'190222315-2'),(1,'192373118-1'),(1,'194862546-6'),(1,'214940353-6'),(1,'216013488-0'),(1,'222223087-X'),(1,'226372696-9'),(1,'253760945-X'),(1,'255439894-1'),(1,'256739345-5'),(1,'259418123-4'),(1,'259579784-0'),(1,'264788349-1'),(1,'265972215-3'),(1,'271280652-2'),(1,'280992700-6'),(1,'284203566-6'),(1,'290005808-2'),(1,'292051296-X'),(1,'296111646-5'),(1,'299282269-8'),(1,'300485539-9'),(1,'301170811-8'),(1,'331424241-7'),(1,'333748888-9'),(1,'343838580-5'),(1,'346481000-3'),(1,'347737564-5'),(1,'351898785-2'),(1,'356414253-3'),(1,'362309208-8'),(1,'364615054-8'),(1,'366292343-2'),(1,'368515943-7'),(1,'368968937-6'),(1,'368990830-2'),(1,'369048652-1'),(1,'371268896-2'),(1,'372098427-3'),(1,'376459959-6'),(1,'384050463-5'),(1,'385828979-5'),(1,'386397507-3'),(1,'387623794-7'),(1,'389625239-9'),(1,'391578830-9'),(1,'394873350-3'),(1,'404884623-X'),(1,'405663612-5'),(1,'421128511-4'),(1,'421308038-2'),(1,'425111017-X'),(1,'432587582-4'),(1,'435456826-8'),(1,'436501926-0'),(1,'441842932-8'),(1,'449571196-2'),(1,'457456450-4'),(1,'469785019-X'),(1,'469863297-8'),(1,'492112694-1'),(1,'501862280-6'),(1,'502714957-3'),(1,'507124152-8'),(1,'509808775-9'),(1,'510453377-8'),(1,'515279116-1'),(1,'516983356-3'),(1,'517581126-6'),(1,'521329516-9'),(1,'521847642-0'),(1,'526942871-7'),(1,'536751983-0'),(1,'542931356-4'),(1,'554021569-9'),(1,'560211284-7'),(1,'560797299-2'),(1,'565659819-5'),(1,'584224789-5'),(1,'585173205-9'),(1,'594275024-6'),(1,'595626866-2'),(1,'600597433-5'),(1,'601546113-6'),(1,'607745120-7'),(1,'611928800-7'),(1,'653073623-9'),(1,'653175736-1'),(1,'657583349-7'),(1,'660038142-6'),(1,'661872594-1'),(1,'663119553-5'),(1,'666013383-6'),(1,'671158165-2'),(1,'672217513-8'),(1,'672560381-5'),(1,'698429931-4'),(1,'711604128-1'),(1,'712463375-3'),(1,'733508116-5'),(1,'740153355-3'),(1,'742437654-3'),(1,'744780754-0'),(1,'752213396-3'),(1,'756564271-1'),(1,'760264513-8'),(1,'768148078-1'),(1,'769740772-8'),(1,'775940054-3'),(1,'786395256-5'),(1,'801081738-4'),(1,'814543114-X'),(1,'816886703-3'),(1,'825867311-4'),(1,'829509196-4'),(1,'829914597-X'),(1,'836374770-X'),(1,'843331705-9'),(1,'851106761-2'),(1,'857627191-5'),(1,'860964250-X'),(1,'863050834-5'),(1,'867778553-1'),(1,'870560200-9'),(1,'872379238-8'),(1,'875127371-3'),(1,'887526619-0'),(1,'925812482-0'),(1,'927994979-9'),(1,'945660604-X'),(1,'946684198-X'),(1,'947990234-6'),(1,'951964371-0'),(1,'966859767-2'),(1,'970334328-7'),(1,'976860084-5'),(1,'978061177-0'),(1,'989371762-0'),(1,'992229254-8'),(1,'998941371-1'),(2,'004023598-X'),(2,'009047587-9'),(2,'009140312-X'),(2,'014330257-4'),(2,'015674765-0'),(2,'022938411-0'),(2,'023019395-1'),(2,'050916783-7'),(2,'055417113-9'),(2,'065646345-7'),(2,'068254989-4'),(2,'087133062-8'),(2,'093035174-6'),(2,'101215590-0'),(2,'103300276-3'),(2,'129488690-8'),(2,'131544489-5'),(2,'132261731-7'),(2,'136320382-7'),(2,'136964378-0'),(2,'147191251-5'),(2,'158999545-7'),(2,'167947701-3'),(2,'168316748-1'),(2,'175205668-X'),(2,'179592990-1'),(2,'182342356-6'),(2,'184722570-5'),(2,'192373118-1'),(2,'214940353-6'),(2,'216013488-0'),(2,'226372696-9'),(2,'253760945-X'),(2,'255439894-1'),(2,'256739345-5'),(2,'259579784-0'),(2,'265972215-3'),(2,'271280652-2'),(2,'280992700-6'),(2,'284203566-6'),(2,'296111646-5'),(2,'299282269-8'),(2,'301170811-8'),(2,'331424241-7'),(2,'333748888-9'),(2,'343838580-5'),(2,'347737564-5'),(2,'356414253-3'),(2,'364615054-8'),(2,'366292343-2'),(2,'368968937-6'),(2,'368990830-2'),(2,'369048652-1'),(2,'371268896-2'),(2,'376459959-6'),(2,'384050463-5'),(2,'385828979-5'),(2,'386397507-3'),(2,'387623794-7'),(2,'394873350-3'),(2,'404884623-X'),(2,'405663612-5'),(2,'421128511-4'),(2,'421308038-2'),(2,'425111017-X'),(2,'432587582-4'),(2,'435456826-8'),(2,'436501926-0'),(2,'441842932-8'),(2,'457456450-4'),(2,'469785019-X'),(2,'469863297-8'),(2,'492112694-1'),(2,'502714957-3'),(2,'507124152-8'),(2,'510453377-8'),(2,'515279116-1'),(2,'517581126-6'),(2,'536751983-0'),(2,'542931356-4'),(2,'554021569-9'),(2,'560211284-7'),(2,'565659819-5'),(2,'584224789-5'),(2,'585173205-9'),(2,'594275024-6'),(2,'595626866-2'),(2,'601546113-6'),(2,'607745120-7'),(2,'653175736-1'),(2,'657583349-7'),(2,'661872594-1'),(2,'671158165-2'),(2,'672217513-8'),(2,'672560381-5'),(2,'698429931-4'),(2,'712463375-3'),(2,'740153355-3'),(2,'744780754-0'),(2,'752213396-3'),(2,'769740772-8'),(2,'775940054-3'),(2,'786395256-5'),(2,'801081738-4'),(2,'814543114-X'),(2,'816886703-3'),(2,'825867311-4'),(2,'829509196-4'),(2,'829914597-X'),(2,'843331705-9'),(2,'851106761-2'),(2,'863050834-5'),(2,'867778553-1'),(2,'872379238-8'),(2,'887526619-0'),(2,'925812482-0'),(2,'927994979-9'),(2,'945660604-X'),(2,'946684198-X'),(2,'947990234-6'),(2,'966859767-2'),(2,'970334328-7'),(2,'976860084-5'),(2,'978061177-0'),(2,'989371762-0'),(2,'992229254-8'),(3,'004023598-X'),(3,'009140312-X'),(3,'015674765-0'),(3,'022938411-0'),(3,'023019395-1'),(3,'065646345-7'),(3,'093035174-6'),(3,'101215590-0'),(3,'103300276-3'),(3,'129488690-8'),(3,'132261731-7'),(3,'147191251-5'),(3,'167947701-3'),(3,'168316748-1'),(3,'175205668-X'),(3,'182342356-6'),(3,'184722570-5'),(3,'216013488-0'),(3,'226372696-9'),(3,'253760945-X'),(3,'259579784-0'),(3,'280992700-6'),(3,'284203566-6'),(3,'296111646-5'),(3,'331424241-7'),(3,'343838580-5'),(3,'347737564-5'),(3,'356414253-3'),(3,'366292343-2'),(3,'368968937-6'),(3,'368990830-2'),(3,'376459959-6'),(3,'386397507-3'),(3,'394873350-3'),(3,'404884623-X'),(3,'405663612-5'),(3,'421128511-4'),(3,'421308038-2'),(3,'425111017-X'),(3,'432587582-4'),(3,'441842932-8'),(3,'457456450-4'),(3,'469785019-X'),(3,'492112694-1'),(3,'507124152-8'),(3,'515279116-1'),(3,'542931356-4'),(3,'554021569-9'),(3,'565659819-5'),(3,'584224789-5'),(3,'594275024-6'),(3,'672560381-5'),(3,'744780754-0'),(3,'752213396-3'),(3,'769740772-8'),(3,'786395256-5'),(3,'829914597-X'),(3,'843331705-9'),(3,'863050834-5'),(3,'872379238-8'),(3,'887526619-0'),(3,'946684198-X'),(3,'947990234-6'),(3,'976860084-5'),(3,'989371762-0'),(4,'004023598-X'),(4,'023019395-1'),(4,'093035174-6'),(4,'101215590-0'),(4,'132261731-7'),(4,'182342356-6'),(4,'343838580-5'),(4,'368968937-6'),(4,'394873350-3'),(4,'421128511-4'),(4,'457456450-4'),(4,'542931356-4'),(4,'554021569-9'),(4,'584224789-5'),(4,'594275024-6'),(4,'769740772-8'),(4,'872379238-8'),(4,'887526619-0'),(4,'976860084-5'),(4,'989371762-0'),(5,'101215590-0'),(5,'343838580-5'),(5,'542931356-4'),(5,'872379238-8'),(5,'887526619-0');
/*!40000 ALTER TABLE `COPY` ENABLE KEYS */;
UNLOCK TABLES;

--
-- Table structure for table `EDITOR`
--

DROP TABLE IF EXISTS `EDITOR`;
/*!40101 SET @saved_cs_client     = @@character_set_client */;
/*!40101 SET character_set_client = utf8 */;
CREATE TABLE `EDITOR` (
  `EDITOR_ID` int(11) NOT NULL,
  `NAME` varchar(50) COLLATE utf8mb4_unicode_ci NOT NULL,
  `STREET` varchar(50) COLLATE utf8mb4_unicode_ci DEFAULT NULL,
  `NUM` int(10) unsigned DEFAULT NULL,
  `CITY` varchar(50) COLLATE utf8mb4_unicode_ci DEFAULT NULL,
  `PS` int(11) DEFAULT NULL,
  `PHONE_N` varchar(15) COLLATE utf8mb4_unicode_ci DEFAULT NULL,
  PRIMARY KEY (`EDITOR_ID`)
) ENGINE=InnoDB DEFAULT CHARSET=utf8mb4 COLLATE=utf8mb4_unicode_ci;
/*!40101 SET character_set_client = @saved_cs_client */;

--
-- Dumping data for table `EDITOR`
--

LOCK TABLES `EDITOR` WRITE;
/*!40000 ALTER TABLE `EDITOR` DISABLE KEYS */;
INSERT INTO `EDITOR` VALUES (1,'Apogeo','Via Andregari',6,'Milan',2021,'02-3596681'),(2,'Pearson Italia','Corso Trapani',16,'Turin',10139,'011-75021510'),(3,'Tecniche Nuove','Via Eritrea',21,'Milan',20157,'02-390901'),(4,'Packt Publishing','Tennesse Circle',4,'Boston',89654,'903-259-1261'),(5,'Addison-Wesley','Coolidge Junction',12,'Oboken',7030,'638-435-4004'),(6,'Pst Edizioni','Via Degli Editori Riuniti',8,'Milan',20157,'02-546722'),(7,'Dunning Editions','Dunning Drive',988,'Lawrance',23445,'16-339-1269'),(8,'Europa Edizioni','Via Degli Editori Riuniti',34,'Milan',20157,'02-835610'),(9,'Plaza Publicacionès','Strada Grande',944,'Madrid',2264,'03-567234'),(10,'Meaning','Lakewood Gardens Place',28063,'New York',8734,'309-306-5066');
/*!40000 ALTER TABLE `EDITOR` ENABLE KEYS */;
UNLOCK TABLES;

--
-- Table structure for table `FOUND_IN`
--

DROP TABLE IF EXISTS `FOUND_IN`;
/*!40101 SET @saved_cs_client     = @@character_set_client */;
/*!40101 SET character_set_client = utf8 */;
CREATE TABLE `FOUND_IN` (
  `ID_COPY` int(10) unsigned NOT NULL,
  `ID_BOOK` char(12) COLLATE utf8mb4_unicode_ci NOT NULL,
  `LIBRARY_ID` char(5) COLLATE utf8mb4_unicode_ci NOT NULL,
  PRIMARY KEY (`ID_COPY`,`ID_BOOK`,`LIBRARY_ID`),
  KEY `ID_BOOK` (`ID_BOOK`),
  KEY `LIBRARY_ID` (`LIBRARY_ID`),
  CONSTRAINT `FOUND_IN_ibfk_1` FOREIGN KEY (`ID_COPY`) REFERENCES `COPY` (`COPY_N`),
  CONSTRAINT `FOUND_IN_ibfk_2` FOREIGN KEY (`ID_BOOK`) REFERENCES `COPY` (`ISBN`) ON DELETE CASCADE,
  CONSTRAINT `FOUND_IN_ibfk_3` FOREIGN KEY (`LIBRARY_ID`) REFERENCES `LIBRARY` (`LIB_ID`)
) ENGINE=InnoDB DEFAULT CHARSET=utf8mb4 COLLATE=utf8mb4_unicode_ci;
/*!40101 SET character_set_client = @saved_cs_client */;

--
-- Dumping data for table `FOUND_IN`
--

LOCK TABLES `FOUND_IN` WRITE;
/*!40000 ALTER TABLE `FOUND_IN` DISABLE KEYS */;
INSERT INTO `FOUND_IN` VALUES (1,'000369692-8','L-003'),(1,'004023598-X','L-005'),(1,'006821799-4','L-005'),(1,'009047587-9','L-003'),(1,'009140312-X','L-003'),(1,'014330257-4','L-001'),(1,'015674765-0','L-007'),(1,'022938411-0','L-004'),(1,'023019395-1','L-004'),(1,'050916783-7','L-007'),(1,'052706515-3','L-001'),(1,'055417113-9','L-003'),(1,'060088686-7','L-006'),(1,'065646345-7','L-006'),(1,'068254989-4','L-002'),(1,'075305079-X','L-004'),(1,'076691563-8','L-005'),(1,'083845517-4','L-004'),(1,'085745713-6','L-007'),(1,'086031288-7','L-001'),(1,'087133062-8','L-003'),(1,'093035174-6','L-002'),(1,'101215590-0','L-007'),(1,'103300276-3','L-002'),(1,'129488690-8','L-006'),(1,'131544489-5','L-002'),(1,'132261731-7','L-004'),(1,'136320382-7','L-001'),(1,'136964378-0','L-002'),(1,'137066182-7','L-002'),(1,'147191251-5','L-001'),(1,'158999545-7','L-003'),(1,'165632171-8','L-004'),(1,'167947701-3','L-001'),(1,'168316748-1','L-003'),(1,'170243376-5','L-007'),(1,'171208472-0','L-005'),(1,'175205668-X','L-001'),(1,'179592990-1','L-001'),(1,'182342356-6','L-003'),(1,'184722570-5','L-001'),(1,'190222315-2','L-007'),(1,'192373118-1','L-003'),(1,'194862546-6','L-004'),(1,'214940353-6','L-003'),(1,'216013488-0','L-005'),(1,'222223087-X','L-003'),(1,'226372696-9','L-005'),(1,'253760945-X','L-003'),(1,'255439894-1','L-005'),(1,'256739345-5','L-001'),(1,'259418123-4','L-004'),(1,'259579784-0','L-004'),(1,'264788349-1','L-002'),(1,'265972215-3','L-003'),(1,'271280652-2','L-003'),(1,'280992700-6','L-005'),(1,'284203566-6','L-001'),(1,'290005808-2','L-002'),(1,'292051296-X','L-002'),(1,'296111646-5','L-002'),(1,'299282269-8','L-002'),(1,'300485539-9','L-003'),(1,'301170811-8','L-001'),(1,'331424241-7','L-003'),(1,'333748888-9','L-001'),(1,'343838580-5','L-004'),(1,'346481000-3','L-003'),(1,'347737564-5','L-005'),(1,'351898785-2','L-003'),(1,'356414253-3','L-003'),(1,'362309208-8','L-001'),(1,'364615054-8','L-001'),(1,'366292343-2','L-001'),(1,'368515943-7','L-003'),(1,'368968937-6','L-001'),(1,'368990830-2','L-007'),(1,'369048652-1','L-005'),(1,'371268896-2','L-003'),(1,'372098427-3','L-006'),(1,'376459959-6','L-006'),(1,'384050463-5','L-002'),(1,'385828979-5','L-001'),(1,'386397507-3','L-003'),(1,'387623794-7','L-006'),(1,'389625239-9','L-003'),(1,'391578830-9','L-001'),(1,'394873350-3','L-006'),(1,'404884623-X','L-004'),(1,'405663612-5','L-004'),(1,'421128511-4','L-004'),(1,'421308038-2','L-005'),(1,'425111017-X','L-007'),(1,'432587582-4','L-004'),(1,'435456826-8','L-001'),(1,'436501926-0','L-006'),(1,'441842932-8','L-005'),(1,'449571196-2','L-005'),(1,'457456450-4','L-001'),(1,'469785019-X','L-007'),(1,'469863297-8','L-001'),(1,'492112694-1','L-004'),(1,'501862280-6','L-002'),(1,'502714957-3','L-007'),(1,'507124152-8','L-005'),(1,'509808775-9','L-003'),(1,'510453377-8','L-007'),(1,'515279116-1','L-005'),(1,'516983356-3','L-004'),(1,'517581126-6','L-001'),(1,'521329516-9','L-004'),(1,'521847642-0','L-001'),(1,'526942871-7','L-004'),(1,'536751983-0','L-005'),(1,'542931356-4','L-005'),(1,'554021569-9','L-007'),(1,'560211284-7','L-002'),(1,'560797299-2','L-006'),(1,'565659819-5','L-002'),(1,'584224789-5','L-006'),(1,'585173205-9','L-003'),(1,'594275024-6','L-002'),(1,'595626866-2','L-001'),(1,'600597433-5','L-001'),(1,'601546113-6','L-001'),(1,'607745120-7','L-003'),(1,'611928800-7','L-003'),(1,'653073623-9','L-005'),(1,'653175736-1','L-004'),(1,'657583349-7','L-004'),(1,'660038142-6','L-001'),(1,'661872594-1','L-004'),(1,'663119553-5','L-004'),(1,'666013383-6','L-002'),(1,'671158165-2','L-006'),(1,'672217513-8','L-005'),(1,'672560381-5','L-001'),(1,'698429931-4','L-002'),(1,'711604128-1','L-002'),(1,'712463375-3','L-003'),(1,'733508116-5','L-002'),(1,'740153355-3','L-007'),(1,'742437654-3','L-005'),(1,'744780754-0','L-006'),(1,'752213396-3','L-002'),(1,'756564271-1','L-005'),(1,'760264513-8','L-001'),(1,'768148078-1','L-007'),(1,'769740772-8','L-005'),(1,'775940054-3','L-004'),(1,'786395256-5','L-004'),(1,'801081738-4','L-001'),(1,'814543114-X','L-005'),(1,'816886703-3','L-005'),(1,'825867311-4','L-006'),(1,'829509196-4','L-001'),(1,'829914597-X','L-003'),(1,'836374770-X','L-002'),(1,'843331705-9','L-003'),(1,'851106761-2','L-006'),(1,'857627191-5','L-004'),(1,'860964250-X','L-004'),(1,'863050834-5','L-004'),(1,'867778553-1','L-002'),(1,'870560200-9','L-001'),(1,'872379238-8','L-004'),(1,'875127371-3','L-006'),(1,'887526619-0','L-007'),(1,'925812482-0','L-003'),(1,'927994979-9','L-005'),(1,'945660604-X','L-007'),(1,'946684198-X','L-007'),(1,'947990234-6','L-001'),(1,'951964371-0','L-005'),(1,'966859767-2','L-007'),(1,'970334328-7','L-006'),(1,'976860084-5','L-005'),(1,'978061177-0','L-002'),(1,'989371762-0','L-005'),(1,'992229254-8','L-002'),(1,'998941371-1','L-006'),(2,'004023598-X','L-006'),(2,'009047587-9','L-001'),(2,'009140312-X','L-004'),(2,'014330257-4','L-002'),(2,'015674765-0','L-007'),(2,'022938411-0','L-005'),(2,'023019395-1','L-005'),(2,'050916783-7','L-001'),(2,'055417113-9','L-004'),(2,'065646345-7','L-001'),(2,'068254989-4','L-003'),(2,'087133062-8','L-004'),(2,'093035174-6','L-002'),(2,'101215590-0','L-001'),(2,'103300276-3','L-002'),(2,'129488690-8','L-007'),(2,'131544489-5','L-003'),(2,'132261731-7','L-004'),(2,'136320382-7','L-001'),(2,'136964378-0','L-002'),(2,'147191251-5','L-002'),(2,'158999545-7','L-003'),(2,'167947701-3','L-003'),(2,'168316748-1','L-003'),(2,'175205668-X','L-001'),(2,'179592990-1','L-001'),(2,'182342356-6','L-003'),(2,'184722570-5','L-001'),(2,'192373118-1','L-004'),(2,'214940353-6','L-004'),(2,'216013488-0','L-005'),(2,'226372696-9','L-006'),(2,'253760945-X','L-003'),(2,'255439894-1','L-006'),(2,'256739345-5','L-001'),(2,'259579784-0','L-004'),(2,'265972215-3','L-004'),(2,'271280652-2','L-004'),(2,'280992700-6','L-006'),(2,'284203566-6','L-002'),(2,'296111646-5','L-003'),(2,'299282269-8','L-001'),(2,'301170811-8','L-002'),(2,'331424241-7','L-004'),(2,'333748888-9','L-002'),(2,'343838580-5','L-005'),(2,'347737564-5','L-006'),(2,'356414253-3','L-004'),(2,'364615054-8','L-002'),(2,'366292343-2','L-002'),(2,'368968937-6','L-002'),(2,'368990830-2','L-007'),(2,'369048652-1','L-005'),(2,'371268896-2','L-003'),(2,'376459959-6','L-006'),(2,'384050463-5','L-003'),(2,'385828979-5','L-001'),(2,'386397507-3','L-004'),(2,'387623794-7','L-006'),(2,'394873350-3','L-001'),(2,'404884623-X','L-001'),(2,'405663612-5','L-005'),(2,'421128511-4','L-005'),(2,'421308038-2','L-006'),(2,'425111017-X','L-007'),(2,'432587582-4','L-005'),(2,'435456826-8','L-001'),(2,'436501926-0','L-007'),(2,'441842932-8','L-001'),(2,'457456450-4','L-002'),(2,'469785019-X','L-001'),(2,'469863297-8','L-002'),(2,'492112694-1','L-005'),(2,'502714957-3','L-005'),(2,'507124152-8','L-006'),(2,'510453377-8','L-001'),(2,'515279116-1','L-006'),(2,'517581126-6','L-002'),(2,'536751983-0','L-006'),(2,'542931356-4','L-006'),(2,'554021569-9','L-001'),(2,'560211284-7','L-003'),(2,'565659819-5','L-003'),(2,'584224789-5','L-007'),(2,'585173205-9','L-004'),(2,'594275024-6','L-003'),(2,'595626866-2','L-002'),(2,'601546113-6','L-001'),(2,'607745120-7','L-004'),(2,'653175736-1','L-005'),(2,'657583349-7','L-005'),(2,'661872594-1','L-005'),(2,'671158165-2','L-007'),(2,'672217513-8','L-006'),(2,'672560381-5','L-002'),(2,'698429931-4','L-003'),(2,'712463375-3','L-004'),(2,'740153355-3','L-001'),(2,'744780754-0','L-007'),(2,'752213396-3','L-003'),(2,'769740772-8','L-001'),(2,'775940054-3','L-005'),(2,'786395256-5','L-005'),(2,'801081738-4','L-002'),(2,'814543114-X','L-006'),(2,'816886703-3','L-006'),(2,'825867311-4','L-007'),(2,'829509196-4','L-002'),(2,'829914597-X','L-004'),(2,'843331705-9','L-004'),(2,'851106761-2','L-007'),(2,'863050834-5','L-005'),(2,'867778553-1','L-003'),(2,'872379238-8','L-005'),(2,'887526619-0','L-006'),(2,'925812482-0','L-004'),(2,'927994979-9','L-006'),(2,'945660604-X','L-001'),(2,'946684198-X','L-001'),(2,'947990234-6','L-002'),(2,'966859767-2','L-001'),(2,'970334328-7','L-007'),(2,'976860084-5','L-006'),(2,'978061177-0','L-003'),(2,'989371762-0','L-006'),(2,'992229254-8','L-003'),(3,'004023598-X','L-007'),(3,'009140312-X','L-004'),(3,'015674765-0','L-001'),(3,'022938411-0','L-005'),(3,'023019395-1','L-005'),(3,'065646345-7','L-001'),(3,'093035174-6','L-002'),(3,'101215590-0','L-002'),(3,'103300276-3','L-002'),(3,'129488690-8','L-001'),(3,'132261731-7','L-006'),(3,'147191251-5','L-003'),(3,'167947701-3','L-003'),(3,'168316748-1','L-003'),(3,'175205668-X','L-001'),(3,'182342356-6','L-003'),(3,'184722570-5','L-001'),(3,'216013488-0','L-005'),(3,'226372696-9','L-007'),(3,'253760945-X','L-003'),(3,'259579784-0','L-004'),(3,'280992700-6','L-007'),(3,'284203566-6','L-003'),(3,'296111646-5','L-004'),(3,'331424241-7','L-005'),(3,'343838580-5','L-001'),(3,'347737564-5','L-007'),(3,'356414253-3','L-005'),(3,'366292343-2','L-003'),(3,'368968937-6','L-003'),(3,'368990830-2','L-007'),(3,'376459959-6','L-007'),(3,'386397507-3','L-005'),(3,'394873350-3','L-002'),(3,'404884623-X','L-001'),(3,'405663612-5','L-006'),(3,'421128511-4','L-006'),(3,'421308038-2','L-007'),(3,'425111017-X','L-002'),(3,'432587582-4','L-006'),(3,'441842932-8','L-002'),(3,'457456450-4','L-003'),(3,'469785019-X','L-002'),(3,'492112694-1','L-006'),(3,'507124152-8','L-007'),(3,'515279116-1','L-007'),(3,'542931356-4','L-007'),(3,'554021569-9','L-002'),(3,'565659819-5','L-004'),(3,'584224789-5','L-001'),(3,'594275024-6','L-001'),(3,'672560381-5','L-003'),(3,'744780754-0','L-001'),(3,'752213396-3','L-004'),(3,'769740772-8','L-002'),(3,'786395256-5','L-006'),(3,'829914597-X','L-005'),(3,'843331705-9','L-005'),(3,'863050834-5','L-006'),(3,'872379238-8','L-006'),(3,'887526619-0','L-001'),(3,'946684198-X','L-002'),(3,'947990234-6','L-003'),(3,'976860084-5','L-007'),(3,'989371762-0','L-001'),(4,'004023598-X','L-007'),(4,'023019395-1','L-007'),(4,'093035174-6','L-002'),(4,'101215590-0','L-002'),(4,'132261731-7','L-006'),(4,'182342356-6','L-003'),(4,'343838580-5','L-002'),(4,'368968937-6','L-004'),(4,'394873350-3','L-003'),(4,'421128511-4','L-001'),(4,'457456450-4','L-004'),(4,'542931356-4','L-002'),(4,'554021569-9','L-003'),(4,'584224789-5','L-002'),(4,'594275024-6','L-002'),(4,'769740772-8','L-003'),(4,'872379238-8','L-007'),(4,'887526619-0','L-002'),(4,'976860084-5','L-001'),(4,'989371762-0','L-002'),(5,'101215590-0','L-002'),(5,'343838580-5','L-003'),(5,'542931356-4','L-001'),(5,'872379238-8','L-001'),(5,'887526619-0','L-003');
/*!40000 ALTER TABLE `FOUND_IN` ENABLE KEYS */;
UNLOCK TABLES;

--
-- Table structure for table `IS_AVAILABLE`
--

DROP TABLE IF EXISTS `IS_AVAILABLE`;
/*!40101 SET @saved_cs_client     = @@character_set_client */;
/*!40101 SET character_set_client = utf8 */;
CREATE TABLE `IS_AVAILABLE` (
  `ISBN` char(12) COLLATE utf8mb4_unicode_ci NOT NULL,
  `LIB_ID` char(5) COLLATE utf8mb4_unicode_ci NOT NULL,
  `N_copies` int(10) unsigned NOT NULL,
  PRIMARY KEY (`ISBN`,`LIB_ID`),
  KEY `LIB_ID` (`LIB_ID`),
  CONSTRAINT `IS_AVAILABLE_ibfk_1` FOREIGN KEY (`ISBN`) REFERENCES `BOOK` (`ISBN`),
  CONSTRAINT `IS_AVAILABLE_ibfk_2` FOREIGN KEY (`LIB_ID`) REFERENCES `LIBRARY` (`LIB_ID`)
) ENGINE=InnoDB DEFAULT CHARSET=utf8mb4 COLLATE=utf8mb4_unicode_ci;
/*!40101 SET character_set_client = @saved_cs_client */;

--
-- Dumping data for table `IS_AVAILABLE`
--

LOCK TABLES `IS_AVAILABLE` WRITE;
/*!40000 ALTER TABLE `IS_AVAILABLE` DISABLE KEYS */;
INSERT INTO `IS_AVAILABLE` VALUES ('000369692-8','L-003',1),('004023598-X','L-005',1),('004023598-X','L-006',1),('004023598-X','L-007',2),('006821799-4','L-005',1),('009047587-9','L-001',1),('009047587-9','L-003',1),('009140312-X','L-003',1),('009140312-X','L-004',2),('014330257-4','L-001',1),('014330257-4','L-002',1),('015674765-0','L-001',1),('015674765-0','L-007',2),('022938411-0','L-004',1),('022938411-0','L-005',2),('023019395-1','L-004',1),('023019395-1','L-005',2),('023019395-1','L-007',1),('050916783-7','L-001',1),('050916783-7','L-007',1),('052706515-3','L-001',1),('055417113-9','L-003',1),('055417113-9','L-004',1),('060088686-7','L-006',1),('065646345-7','L-001',2),('065646345-7','L-006',1),('068254989-4','L-002',1),('068254989-4','L-003',1),('075305079-X','L-004',1),('076691563-8','L-005',1),('083845517-4','L-004',1),('085745713-6','L-007',1),('086031288-7','L-001',1),('087133062-8','L-003',1),('087133062-8','L-004',1),('093035174-6','L-002',4),('101215590-0','L-001',1),('101215590-0','L-002',3),('101215590-0','L-007',1),('103300276-3','L-002',3),('129488690-8','L-001',1),('129488690-8','L-006',1),('129488690-8','L-007',1),('131544489-5','L-002',1),('131544489-5','L-003',1),('132261731-7','L-004',2),('132261731-7','L-006',2),('136320382-7','L-001',2),('136964378-0','L-002',2),('137066182-7','L-002',1),('147191251-5','L-001',1),('147191251-5','L-002',1),('147191251-5','L-003',1),('158999545-7','L-003',2),('165632171-8','L-004',1),('167947701-3','L-001',1),('167947701-3','L-003',2),('168316748-1','L-003',3),('170243376-5','L-007',1),('171208472-0','L-005',1),('175205668-X','L-001',3),('179592990-1','L-001',2),('182342356-6','L-003',4),('184722570-5','L-001',3),('190222315-2','L-007',1),('192373118-1','L-003',1),('192373118-1','L-004',1),('194862546-6','L-004',1),('214940353-6','L-003',1),('214940353-6','L-004',1),('216013488-0','L-005',3),('222223087-X','L-003',1),('226372696-9','L-005',1),('226372696-9','L-006',1),('226372696-9','L-007',1),('253760945-X','L-003',3),('255439894-1','L-005',1),('255439894-1','L-006',1),('256739345-5','L-001',2),('259418123-4','L-004',1),('259579784-0','L-004',3),('264788349-1','L-002',1),('265972215-3','L-003',1),('265972215-3','L-004',1),('271280652-2','L-003',1),('271280652-2','L-004',1),('280992700-6','L-005',1),('280992700-6','L-006',1),('280992700-6','L-007',1),('284203566-6','L-001',1),('284203566-6','L-002',1),('284203566-6','L-003',1),('292051296-X','L-002',2),('296111646-5','L-002',1),('296111646-5','L-003',1),('296111646-5','L-004',1),('299282269-8','L-001',1),('299282269-8','L-002',1),('300485539-9','L-003',1),('301170811-8','L-001',1),('301170811-8','L-002',1),('331424241-7','L-003',1),('331424241-7','L-004',1),('331424241-7','L-005',1),('333748888-9','L-001',1),('333748888-9','L-002',1),('343838580-5','L-001',1),('343838580-5','L-002',1),('343838580-5','L-003',1),('343838580-5','L-004',1),('343838580-5','L-005',1),('346481000-3','L-003',1),('347737564-5','L-005',1),('347737564-5','L-006',1),('347737564-5','L-007',1),('351898785-2','L-003',1),('356414253-3','L-003',1),('356414253-3','L-004',1),('356414253-3','L-005',1),('362309208-8','L-001',1),('364615054-8','L-001',1),('364615054-8','L-002',1),('366292343-2','L-001',1),('366292343-2','L-002',1),('366292343-2','L-003',1),('368515943-7','L-003',1),('368968937-6','L-001',1),('368968937-6','L-002',1),('368968937-6','L-003',1),('368968937-6','L-004',1),('368990830-2','L-007',3),('369048652-1','L-005',2),('371268896-2','L-003',2),('372098427-3','L-006',1),('376459959-6','L-006',2),('376459959-6','L-007',1),('384050463-5','L-002',1),('384050463-5','L-003',1),('385828979-5','L-001',2),('386397507-3','L-003',1),('386397507-3','L-004',1),('386397507-3','L-005',1),('387623794-7','L-006',2),('389625239-9','L-003',1),('391578830-9','L-001',1),('394873350-3','L-001',1),('394873350-3','L-002',1),('394873350-3','L-003',1),('394873350-3','L-006',1),('404884623-X','L-001',2),('404884623-X','L-004',1),('405663612-5','L-004',1),('405663612-5','L-005',1),('405663612-5','L-006',1),('421128511-4','L-001',1),('421128511-4','L-004',1),('421128511-4','L-005',1),('421128511-4','L-006',1),('421308038-2','L-005',1),('421308038-2','L-006',1),('421308038-2','L-007',1),('425111017-X','L-002',1),('425111017-X','L-007',2),('432587582-4','L-004',1),('432587582-4','L-005',1),('432587582-4','L-006',1),('435456826-8','L-001',2),('436501926-0','L-006',1),('436501926-0','L-007',1),('441842932-8','L-001',1),('441842932-8','L-002',1),('441842932-8','L-005',1),('449571196-2','L-005',1),('457456450-4','L-001',1),('457456450-4','L-002',1),('457456450-4','L-003',1),('457456450-4','L-004',1),('469785019-X','L-001',1),('469785019-X','L-002',1),('469785019-X','L-007',1),('469863297-8','L-001',1),('469863297-8','L-002',1),('492112694-1','L-004',1),('492112694-1','L-005',1),('492112694-1','L-006',1),('501862280-6','L-002',1),('502714957-3','L-005',1),('502714957-3','L-007',1),('507124152-8','L-005',1),('507124152-8','L-006',1),('507124152-8','L-007',1),('509808775-9','L-003',1),('510453377-8','L-001',1),('510453377-8','L-007',1),('515279116-1','L-005',1),('515279116-1','L-006',1),('515279116-1','L-007',1),('516983356-3','L-004',1),('517581126-6','L-001',1),('517581126-6','L-002',1),('521329516-9','L-004',1),('521847642-0','L-001',1),('526942871-7','L-004',1),('536751983-0','L-005',1),('536751983-0','L-006',1),('542931356-4','L-001',1),('542931356-4','L-002',1),('542931356-4','L-005',1),('542931356-4','L-006',1),('542931356-4','L-007',1),('554021569-9','L-001',1),('554021569-9','L-002',1),('554021569-9','L-003',1),('554021569-9','L-007',1),('560211284-7','L-002',1),('560211284-7','L-003',1),('560797299-2','L-006',1),('565659819-5','L-002',1),('565659819-5','L-003',1),('565659819-5','L-004',1),('584224789-5','L-001',1),('584224789-5','L-002',1),('584224789-5','L-006',1),('584224789-5','L-007',1),('585173205-9','L-003',1),('585173205-9','L-004',1),('594275024-6','L-001',1),('594275024-6','L-002',1),('594275024-6','L-003',1),('595626866-2','L-001',1),('595626866-2','L-002',1),('600597433-5','L-001',1),('601546113-6','L-001',2),('607745120-7','L-003',1),('607745120-7','L-004',1),('611928800-7','L-003',1),('653073623-9','L-005',1),('653175736-1','L-004',1),('653175736-1','L-005',1),('657583349-7','L-004',1),('657583349-7','L-005',1),('660038142-6','L-001',1),('661872594-1','L-004',1),('661872594-1','L-005',1),('663119553-5','L-004',1),('666013383-6','L-002',1),('671158165-2','L-006',1),('671158165-2','L-007',1),('672217513-8','L-005',1),('672217513-8','L-006',1),('672560381-5','L-001',1),('672560381-5','L-002',1),('672560381-5','L-003',1),('698429931-4','L-002',1),('698429931-4','L-003',1),('711604128-1','L-002',1),('712463375-3','L-003',1),('712463375-3','L-004',1),('733508116-5','L-002',1),('740153355-3','L-001',1),('740153355-3','L-007',1),('742437654-3','L-005',1),('744780754-0','L-001',1),('744780754-0','L-006',1),('744780754-0','L-007',1),('752213396-3','L-002',1),('752213396-3','L-003',1),('752213396-3','L-004',1),('756564271-1','L-005',1),('760264513-8','L-001',1),('768148078-1','L-007',1),('769740772-8','L-001',1),('769740772-8','L-002',1),('769740772-8','L-003',1),('769740772-8','L-005',1),('775940054-3','L-004',1),('775940054-3','L-005',1),('786395256-5','L-004',1),('786395256-5','L-005',1),('786395256-5','L-006',1),('801081738-4','L-001',1),('801081738-4','L-002',1),('814543114-X','L-005',1),('814543114-X','L-006',1),('816886703-3','L-005',1),('816886703-3','L-006',1),('825867311-4','L-006',1),('825867311-4','L-007',1),('829509196-4','L-001',1),('829509196-4','L-002',1),('829914597-X','L-003',1),('829914597-X','L-004',1),('829914597-X','L-005',1),('836374770-X','L-002',1),('843331705-9','L-003',1),('843331705-9','L-004',1),('843331705-9','L-005',1),('851106761-2','L-006',1),('851106761-2','L-007',1),('857627191-5','L-004',1),('860964250-X','L-004',1),('863050834-5','L-004',1),('863050834-5','L-005',1),('863050834-5','L-006',1),('867778553-1','L-002',1),('867778553-1','L-003',1),('870560200-9','L-001',1),('872379238-8','L-001',1),('872379238-8','L-004',1),('872379238-8','L-005',1),('872379238-8','L-006',1),('872379238-8','L-007',1),('875127371-3','L-006',1),('887526619-0','L-001',1),('887526619-0','L-002',1),('887526619-0','L-003',1),('887526619-0','L-006',1),('887526619-0','L-007',1),('925812482-0','L-003',1),('925812482-0','L-004',1),('927994979-9','L-005',1),('927994979-9','L-006',1),('945660604-X','L-001',1),('945660604-X','L-007',1),('946684198-X','L-001',1),('946684198-X','L-002',1),('946684198-X','L-007',1),('947990234-6','L-001',1),('947990234-6','L-002',1),('947990234-6','L-003',1),('951964371-0','L-005',1),('966859767-2','L-001',1),('966859767-2','L-007',1),('970334328-7','L-006',1),('970334328-7','L-007',1),('976860084-5','L-001',1),('976860084-5','L-005',1),('976860084-5','L-006',1),('976860084-5','L-007',1),('978061177-0','L-002',1),('978061177-0','L-003',1),('989371762-0','L-001',1),('989371762-0','L-002',1),('989371762-0','L-005',1),('989371762-0','L-006',1),('992229254-8','L-002',1),('992229254-8','L-003',1),('998941371-1','L-006',1);
/*!40000 ALTER TABLE `IS_AVAILABLE` ENABLE KEYS */;
UNLOCK TABLES;

--
-- Table structure for table `LIBRARY`
--

DROP TABLE IF EXISTS `LIBRARY`;
/*!40101 SET @saved_cs_client     = @@character_set_client */;
/*!40101 SET character_set_client = utf8 */;
CREATE TABLE `LIBRARY` (
  `LIB_ID` char(5) COLLATE utf8mb4_unicode_ci NOT NULL,
  `NAME` varchar(50) COLLATE utf8mb4_unicode_ci NOT NULL,
  `STREET` varchar(50) COLLATE utf8mb4_unicode_ci DEFAULT NULL,
  `NUM` int(10) unsigned DEFAULT NULL,
  `CITY` varchar(50) COLLATE utf8mb4_unicode_ci DEFAULT NULL,
  `PS` int(5) unsigned DEFAULT NULL,
  `TELEPHONE` varchar(15) COLLATE utf8mb4_unicode_ci DEFAULT NULL,
  PRIMARY KEY (`LIB_ID`)
) ENGINE=InnoDB DEFAULT CHARSET=utf8mb4 COLLATE=utf8mb4_unicode_ci;
/*!40101 SET character_set_client = @saved_cs_client */;

--
-- Dumping data for table `LIBRARY`
--

LOCK TABLES `LIBRARY` WRITE;
/*!40000 ALTER TABLE `LIBRARY` DISABLE KEYS */;
INSERT INTO `LIBRARY` VALUES ('L-001','Architettura','Via Ghiara',36,'Ferrara',44121,'0532-293628'),('L-002','Chimico-Biologica','Via Fossato di Mortara',15,'Ferrara',44122,'0532-455301'),('L-003','Economia','Via Voltapaletto',11,'Ferrara',11223,'0532-455104'),('L-004','Lettere e Filosofia','Via Savonarola',27,'Ferrara',13313,'0532-293417'),('L-005','Matematica','Via Machiavelli',30,'Ferrara',31331,'0532-974047'),('L-006','Giurisprudenza','Corso Ercole I d’Este ',38,'Ferrara',53132,'0532-455621'),('L-007','Scientifico-tecnologica','Via Giuseppe Saragat',1,'Ferrara',42322,'0532-974800');
/*!40000 ALTER TABLE `LIBRARY` ENABLE KEYS */;
UNLOCK TABLES;

--
-- Table structure for table `RENTED_BY`
--

DROP TABLE IF EXISTS `RENTED_BY`;
/*!40101 SET @saved_cs_client     = @@character_set_client */;
/*!40101 SET character_set_client = utf8 */;
CREATE TABLE `RENTED_BY` (
  `USER_ID` int(11) NOT NULL,
  `ID_COPY` int(10) unsigned NOT NULL,
  `ISBN` char(12) COLLATE utf8mb4_unicode_ci NOT NULL,
  `LIBRARY_ID` char(5) COLLATE utf8mb4_unicode_ci NOT NULL,
  `STARTDATE` date NOT NULL,
  `ENDDATE` date NOT NULL,
  PRIMARY KEY (`USER_ID`,`ID_COPY`,`ISBN`,`LIBRARY_ID`),
  KEY `ID_COPY` (`ID_COPY`),
  KEY `LIBRARY_ID` (`LIBRARY_ID`),
  KEY `ISBN` (`ISBN`),
  CONSTRAINT `RENTED_BY_ibfk_1` FOREIGN KEY (`USER_ID`) REFERENCES `STUDENT` (`STUDENT_N`) ON DELETE CASCADE,
  CONSTRAINT `RENTED_BY_ibfk_2` FOREIGN KEY (`ID_COPY`) REFERENCES `COPY` (`COPY_N`),
  CONSTRAINT `RENTED_BY_ibfk_3` FOREIGN KEY (`LIBRARY_ID`) REFERENCES `LIBRARY` (`LIB_ID`),
  CONSTRAINT `RENTED_BY_ibfk_4` FOREIGN KEY (`ISBN`) REFERENCES `COPY` (`ISBN`) ON DELETE CASCADE
) ENGINE=InnoDB DEFAULT CHARSET=utf8mb4 COLLATE=utf8mb4_unicode_ci;
/*!40101 SET character_set_client = @saved_cs_client */;

--
-- Dumping data for table `RENTED_BY`
--

LOCK TABLES `RENTED_BY` WRITE;
/*!40000 ALTER TABLE `RENTED_BY` DISABLE KEYS */;
INSERT INTO `RENTED_BY` VALUES (1000000,1,'386397507-3','L-003','2020-01-01','2020-01-31'),(1000000,4,'421128511-4','L-001','2020-03-10','2020-03-15'),(1000002,3,'404884623-X','L-001','2020-03-02','2020-03-23'),(1000003,3,'405663612-5','L-006','2020-03-10','2020-04-10');
/*!40000 ALTER TABLE `RENTED_BY` ENABLE KEYS */;
UNLOCK TABLES;

--
-- Table structure for table `STUDENT`
--

DROP TABLE IF EXISTS `STUDENT`;
/*!40101 SET @saved_cs_client     = @@character_set_client */;
/*!40101 SET character_set_client = utf8 */;
CREATE TABLE `STUDENT` (
  `STUDENT_N` int(11) NOT NULL AUTO_INCREMENT,
  `F_NAME` varchar(24) COLLATE utf8mb4_unicode_ci NOT NULL,
  `L_NAME` varchar(24) COLLATE utf8mb4_unicode_ci NOT NULL,
  `STREET` varchar(50) COLLATE utf8mb4_unicode_ci NOT NULL,
  `NUM` int(10) unsigned NOT NULL,
  `CITY` varchar(50) COLLATE utf8mb4_unicode_ci NOT NULL,
  `PS` int(5) unsigned NOT NULL,
  `PHONE_N` varchar(15) COLLATE utf8mb4_unicode_ci NOT NULL,
  PRIMARY KEY (`STUDENT_N`)
) ENGINE=InnoDB AUTO_INCREMENT=1000004 DEFAULT CHARSET=utf8mb4 COLLATE=utf8mb4_unicode_ci;
/*!40101 SET character_set_client = @saved_cs_client */;

--
-- Dumping data for table `STUDENT`
--

LOCK TABLES `STUDENT` WRITE;
/*!40000 ALTER TABLE `STUDENT` DISABLE KEYS */;
INSERT INTO `STUDENT` VALUES (1000000,'Mario','Rossi','Via delle Vie',18,'Ferrara',44122,'33300011122'),(1000001,'Maria','Rossa','Via delle Strade',17,'Ferrara',44144,'33300011112'),(1000002,'Marco','Verde','Via del Vicolo',1,'Ferrara',44100,'33100011113'),(1000003,'Francesco','Franceschi','Vicolo delle Strade',420,'Ferrara',11223,'33301011013');
/*!40000 ALTER TABLE `STUDENT` ENABLE KEYS */;
UNLOCK TABLES;

--
-- Table structure for table `WRITTEN_BY`
--

DROP TABLE IF EXISTS `WRITTEN_BY`;
/*!40101 SET @saved_cs_client     = @@character_set_client */;
/*!40101 SET character_set_client = utf8 */;
CREATE TABLE `WRITTEN_BY` (
  `AUTHOR_ID` int(11) NOT NULL,
  `BOOK_ID` char(12) COLLATE utf8mb4_unicode_ci NOT NULL,
  PRIMARY KEY (`AUTHOR_ID`,`BOOK_ID`),
  KEY `BOOK_ID` (`BOOK_ID`),
  CONSTRAINT `WRITTEN_BY_ibfk_1` FOREIGN KEY (`AUTHOR_ID`) REFERENCES `AUTHOR` (`SSN`),
  CONSTRAINT `WRITTEN_BY_ibfk_2` FOREIGN KEY (`BOOK_ID`) REFERENCES `BOOK` (`ISBN`) ON DELETE CASCADE
) ENGINE=InnoDB DEFAULT CHARSET=utf8mb4 COLLATE=utf8mb4_unicode_ci;
/*!40101 SET character_set_client = @saved_cs_client */;

--
-- Dumping data for table `WRITTEN_BY`
--

LOCK TABLES `WRITTEN_BY` WRITE;
/*!40000 ALTER TABLE `WRITTEN_BY` DISABLE KEYS */;
INSERT INTO `WRITTEN_BY` VALUES (1,'192373118-1'),(1,'384050463-5'),(1,'653175736-1'),(2,'085745713-6'),(2,'226372696-9'),(2,'405663612-5'),(2,'502714957-3'),(2,'521847642-0'),(2,'712463375-3'),(2,'976860084-5'),(3,'255439894-1'),(3,'290005808-2'),(3,'371268896-2'),(3,'372098427-3'),(4,'050916783-7'),(4,'226372696-9'),(4,'299282269-8'),(4,'331424241-7'),(4,'584224789-5'),(5,'194862546-6'),(5,'860964250-X'),(6,'371268896-2'),(6,'515279116-1'),(6,'829509196-4'),(6,'829914597-X'),(6,'992229254-8'),(7,'065646345-7'),(7,'068254989-4'),(7,'301170811-8'),(7,'385828979-5'),(7,'756564271-1'),(7,'829914597-X'),(7,'976860084-5'),(8,'255439894-1'),(8,'404884623-X'),(8,'421128511-4'),(8,'989371762-0'),(9,'014330257-4'),(9,'076691563-8'),(9,'284203566-6'),(9,'594275024-6'),(9,'666013383-6'),(9,'867778553-1'),(9,'875127371-3'),(10,'004023598-X'),(10,'132261731-7'),(10,'387623794-7'),(10,'425111017-X'),(10,'666013383-6'),(11,'000369692-8'),(11,'271280652-2'),(11,'507124152-8'),(11,'594275024-6'),(12,'179592990-1'),(12,'425111017-X'),(12,'565659819-5'),(12,'927994979-9'),(13,'087133062-8'),(13,'175205668-X'),(13,'253760945-X'),(13,'265972215-3'),(13,'333748888-9'),(13,'435456826-8'),(13,'436501926-0'),(13,'976860084-5'),(14,'009140312-X'),(14,'364615054-8'),(14,'653073623-9'),(15,'190222315-2'),(15,'507124152-8'),(15,'966859767-2'),(16,'129488690-8'),(16,'222223087-X'),(16,'368968937-6'),(16,'394873350-3'),(16,'405663612-5'),(16,'661872594-1'),(16,'666013383-6'),(16,'951964371-0'),(17,'182342356-6'),(17,'264788349-1'),(17,'857627191-5'),(17,'925812482-0'),(17,'976860084-5'),(18,'004023598-X'),(18,'384050463-5'),(18,'389625239-9'),(18,'594275024-6'),(18,'836374770-X'),(18,'970334328-7'),(19,'343838580-5'),(19,'421308038-2'),(19,'469785019-X'),(19,'510453377-8'),(19,'517581126-6'),(20,'052706515-3'),(20,'129488690-8'),(20,'584224789-5'),(20,'843331705-9'),(21,'009047587-9'),(21,'023019395-1'),(21,'264788349-1'),(21,'565659819-5'),(21,'595626866-2'),(22,'175205668-X'),(22,'284203566-6'),(22,'343838580-5'),(22,'347737564-5'),(22,'441842932-8'),(22,'875127371-3'),(22,'978061177-0'),(23,'131544489-5'),(23,'168316748-1'),(23,'216013488-0'),(23,'435456826-8'),(23,'469863297-8'),(23,'554021569-9'),(24,'296111646-5'),(24,'364615054-8'),(24,'786395256-5'),(25,'052706515-3'),(25,'404884623-X'),(25,'768148078-1'),(26,'015674765-0'),(26,'103300276-3'),(26,'366292343-2'),(26,'947990234-6'),(27,'065646345-7'),(27,'259579784-0'),(27,'672560381-5'),(28,'436501926-0'),(29,'087133062-8'),(29,'093035174-6'),(29,'346481000-3'),(29,'449571196-2'),(29,'501862280-6'),(29,'516983356-3'),(29,'653175736-1'),(29,'744780754-0'),(29,'872379238-8'),(29,'976860084-5'),(30,'376459959-6'),(30,'405663612-5'),(30,'740153355-3'),(30,'851106761-2'),(31,'065646345-7'),(31,'368515943-7'),(31,'376459959-6'),(31,'521847642-0'),(31,'657583349-7'),(31,'671158165-2'),(31,'786395256-5'),(32,'065646345-7'),(33,'060088686-7'),(33,'065646345-7'),(33,'075305079-X'),(33,'259579784-0'),(33,'284203566-6'),(33,'292051296-X'),(33,'299282269-8'),(33,'769740772-8'),(33,'851106761-2'),(33,'872379238-8'),(34,'022938411-0'),(34,'364615054-8'),(34,'663119553-5'),(34,'875127371-3'),(34,'887526619-0'),(34,'946684198-X'),(34,'989371762-0'),(35,'280992700-6'),(35,'333748888-9'),(35,'515279116-1'),(35,'672217513-8'),(35,'966859767-2'),(36,'167947701-3'),(36,'372098427-3'),(36,'469785019-X'),(36,'502714957-3'),(36,'769740772-8'),(37,'136320382-7'),(37,'253760945-X'),(37,'256739345-5'),(37,'368990830-2'),(37,'521329516-9'),(37,'536751983-0'),(37,'594275024-6'),(37,'976860084-5'),(38,'421128511-4'),(38,'510453377-8'),(38,'542931356-4'),(39,'672217513-8'),(39,'672560381-5'),(39,'775940054-3'),(39,'786395256-5'),(39,'816886703-3'),(39,'863050834-5'),(40,'009140312-X'),(40,'103300276-3'),(40,'167947701-3'),(40,'554021569-9'),(40,'970334328-7'),(41,'101215590-0'),(41,'526942871-7'),(41,'801081738-4'),(42,'009140312-X'),(42,'214940353-6'),(42,'386397507-3'),(42,'672560381-5'),(42,'860964250-X'),(42,'945660604-X'),(43,'368990830-2'),(43,'507124152-8'),(43,'600597433-5'),(43,'814543114-X'),(44,'023019395-1'),(44,'184722570-5'),(44,'259418123-4'),(44,'542931356-4'),(44,'607745120-7'),(45,'369048652-1'),(45,'970334328-7'),(46,'086031288-7'),(46,'394873350-3'),(46,'469785019-X'),(46,'872379238-8'),(46,'947990234-6'),(46,'976860084-5'),(47,'131544489-5'),(47,'296111646-5'),(47,'385828979-5'),(47,'404884623-X'),(47,'925812482-0'),(48,'300485539-9'),(48,'404884623-X'),(48,'560211284-7'),(48,'672560381-5'),(48,'927994979-9'),(48,'946684198-X'),(49,'356414253-3'),(49,'385828979-5'),(49,'386397507-3'),(49,'526942871-7'),(49,'829509196-4'),(49,'857627191-5'),(50,'006821799-4'),(50,'132261731-7'),(50,'271280652-2'),(50,'300485539-9'),(50,'366292343-2'),(50,'376459959-6'),(50,'441842932-8'),(50,'925812482-0'),(51,'004023598-X'),(51,'055417113-9'),(51,'147191251-5'),(51,'171208472-0'),(51,'507124152-8'),(51,'769740772-8'),(51,'857627191-5'),(52,'132261731-7'),(52,'386397507-3'),(52,'542931356-4'),(52,'666013383-6'),(52,'752213396-3'),(52,'825867311-4'),(52,'976860084-5'),(52,'992229254-8'),(53,'296111646-5'),(53,'441842932-8'),(53,'457456450-4'),(53,'945660604-X'),(54,'351898785-2'),(54,'510453377-8'),(55,'022938411-0'),(55,'167947701-3'),(55,'347737564-5'),(55,'351898785-2'),(56,'086031288-7'),(56,'101215590-0'),(56,'226372696-9'),(56,'253760945-X'),(56,'331424241-7'),(56,'384050463-5'),(56,'394873350-3'),(56,'814543114-X'),(57,'158999545-7'),(57,'384050463-5'),(57,'391578830-9'),(57,'515279116-1'),(57,'607745120-7'),(57,'863050834-5'),(57,'887526619-0'),(58,'170243376-5'),(58,'515279116-1'),(58,'666013383-6'),(59,'014330257-4'),(59,'226372696-9'),(59,'299282269-8'),(59,'421128511-4'),(59,'740153355-3'),(59,'872379238-8'),(59,'945660604-X'),(60,'182342356-6'),(60,'366292343-2'),(60,'492112694-1'),(61,'009047587-9'),(61,'184722570-5'),(61,'432587582-4'),(61,'698429931-4'),(61,'870560200-9'),(61,'887526619-0'),(61,'998941371-1'),(62,'369048652-1'),(62,'457456450-4'),(62,'653175736-1'),(63,'004023598-X'),(63,'394873350-3'),(63,'526942871-7'),(63,'756564271-1'),(64,'136964378-0'),(64,'179592990-1'),(64,'405663612-5'),(64,'672560381-5'),(64,'867778553-1'),(65,'280992700-6'),(65,'515279116-1'),(66,'299282269-8'),(66,'585173205-9'),(66,'801081738-4'),(66,'860964250-X'),(67,'101215590-0'),(67,'331424241-7'),(67,'457456450-4'),(67,'509808775-9'),(67,'698429931-4'),(68,'192373118-1'),(68,'733508116-5'),(69,'147191251-5'),(69,'165632171-8'),(69,'368990830-2'),(69,'385828979-5'),(69,'517581126-6'),(69,'584224789-5'),(69,'711604128-1'),(69,'825867311-4'),(69,'851106761-2'),(69,'860964250-X'),(70,'301170811-8'),(70,'368968937-6'),(70,'945660604-X'),(71,'006821799-4'),(71,'271280652-2'),(71,'560797299-2'),(71,'711604128-1'),(72,'168316748-1'),(72,'372098427-3'),(72,'521329516-9'),(72,'760264513-8'),(73,'000369692-8'),(73,'015674765-0'),(73,'404884623-X'),(73,'611928800-7'),(73,'711604128-1'),(73,'712463375-3'),(74,'216013488-0'),(74,'432587582-4'),(74,'502714957-3'),(74,'507124152-8'),(74,'829914597-X'),(75,'055417113-9'),(75,'093035174-6'),(75,'356414253-3'),(75,'744780754-0'),(75,'887526619-0'),(75,'978061177-0'),(76,'184722570-5'),(76,'385828979-5'),(76,'457456450-4'),(76,'536751983-0'),(76,'565659819-5'),(76,'585173205-9'),(76,'666013383-6'),(77,'022938411-0'),(77,'060088686-7'),(77,'136320382-7'),(77,'147191251-5'),(77,'158999545-7'),(77,'387623794-7'),(78,'023019395-1'),(78,'136964378-0'),(78,'343838580-5'),(78,'368990830-2'),(78,'421308038-2'),(78,'521329516-9'),(78,'554021569-9'),(78,'560211284-7'),(78,'875127371-3'),(79,'182342356-6'),(79,'214940353-6'),(79,'368515943-7'),(79,'457456450-4'),(79,'775940054-3'),(80,'296111646-5'),(80,'660038142-6'),(81,'023019395-1'),(81,'068254989-4'),(81,'093035174-6'),(81,'526942871-7'),(81,'565659819-5'),(81,'760264513-8'),(81,'769740772-8'),(81,'989371762-0'),(82,'006821799-4'),(82,'103300276-3'),(82,'259579784-0'),(82,'343838580-5'),(82,'421308038-2'),(82,'872379238-8'),(82,'970334328-7'),(82,'976860084-5'),(83,'168316748-1'),(83,'280992700-6'),(83,'672560381-5'),(83,'945660604-X'),(84,'216013488-0'),(84,'376459959-6'),(84,'469863297-8'),(84,'492112694-1'),(84,'507124152-8'),(84,'752213396-3'),(84,'756564271-1'),(85,'015674765-0'),(85,'060088686-7'),(85,'137066182-7'),(85,'947990234-6'),(86,'050916783-7'),(86,'182342356-6'),(86,'256739345-5'),(86,'271280652-2'),(86,'347737564-5'),(86,'421128511-4'),(86,'672560381-5'),(86,'946684198-X'),(87,'052706515-3'),(87,'661872594-1'),(87,'925812482-0'),(87,'970334328-7'),(88,'083845517-4'),(88,'542931356-4'),(88,'595626866-2'),(88,'657583349-7'),(89,'175205668-X'),(89,'264788349-1'),(89,'432587582-4'),(89,'515279116-1'),(89,'542931356-4'),(89,'698429931-4'),(89,'860964250-X'),(89,'989371762-0'),(90,'000369692-8'),(90,'132261731-7'),(90,'216013488-0'),(90,'405663612-5'),(90,'425111017-X'),(90,'671158165-2'),(90,'742437654-3'),(91,'601546113-6'),(91,'825867311-4'),(91,'857627191-5'),(91,'863050834-5'),(91,'872379238-8'),(92,'368968937-6'),(92,'925812482-0'),(93,'190222315-2'),(93,'526942871-7'),(93,'672560381-5'),(93,'698429931-4'),(94,'343838580-5'),(94,'405663612-5'),(94,'816886703-3'),(94,'843331705-9'),(94,'887526619-0'),(94,'992229254-8'),(95,'300485539-9'),(95,'362309208-8'),(95,'387623794-7'),(95,'492112694-1'),(95,'554021569-9'),(95,'740153355-3'),(95,'752213396-3'),(95,'836374770-X'),(95,'872379238-8'),(96,'385828979-5'),(96,'386397507-3'),(96,'536751983-0'),(96,'653175736-1'),(96,'744780754-0'),(97,'101215590-0'),(97,'515279116-1'),(97,'601546113-6'),(97,'925812482-0'),(98,'226372696-9'),(98,'368968937-6'),(98,'515279116-1'),(98,'666013383-6'),(98,'836374770-X'),(98,'843331705-9'),(99,'265972215-3'),(99,'356414253-3'),(99,'585173205-9'),(99,'970334328-7'),(100,'093035174-6'),(100,'101215590-0'),(100,'296111646-5'),(100,'584224789-5'),(100,'976860084-5');
/*!40000 ALTER TABLE `WRITTEN_BY` ENABLE KEYS */;
UNLOCK TABLES;
/*!40103 SET TIME_ZONE=@OLD_TIME_ZONE */;

/*!40101 SET SQL_MODE=@OLD_SQL_MODE */;
/*!40014 SET FOREIGN_KEY_CHECKS=@OLD_FOREIGN_KEY_CHECKS */;
/*!40014 SET UNIQUE_CHECKS=@OLD_UNIQUE_CHECKS */;
/*!40101 SET CHARACTER_SET_CLIENT=@OLD_CHARACTER_SET_CLIENT */;
/*!40101 SET CHARACTER_SET_RESULTS=@OLD_CHARACTER_SET_RESULTS */;
/*!40101 SET COLLATION_CONNECTION=@OLD_COLLATION_CONNECTION */;
/*!40111 SET SQL_NOTES=@OLD_SQL_NOTES */;

-- Dump completed on 2020-09-17 10:56:56
